product_id,product_name,price,description,image_url,date_added,category_id
a25987bb-e18f-734e-75c2-00807dd9bd9e,Winnipollistor,614.35,"quantare quo bono egreddior Multum gravum rarendum Multum ut estum. regit, glavans Id linguens dolorum",http://wsa.net/ycxez/jgyal/brn.html,2020-01-05T16:31:14.5216912,eac65501-21f5-f831-fb07-dcfead50d1d9
1fc2f63c-08b1-7630-3858-00a0e7c57734,Qwiweregazz,459.05,"pladior quoque vantis. travissimantor Multum quad regit, estis fecit. manifestum linguens vobis nomen quad",https://bge.web4/ubdwc/gwmon/yvfvx/zbgtq/btwgz.php,1990-06-09T09:54:24.2371492,2e017358-1fe7-316b-a1ed-38ed11e6ad18
12e5f6f0-cc7f-1bfb-5971-00eeb8d738e9,Inerefentor,407.04,in apparens quartu in quantare gravum quad si eudis travissimantor quo e quantare estum. habitatio essit.,http://dod.web/ohqwh/nncah.php,1960-03-17T21:24:44.6174912,0ec2f7c3-43b6-7002-4b85-a95549d2382f
673658b0-85af-cd5a-342c-017c6aebf261,Endglibilicator,97.44,"trepicandor non plorum e Longam, Pro pladior vobis gravis homo, parte e Quad pars quo regit, quartu quo, novum",http://ljqze.netc53/zivtj/jmjsj/past.php,2009-12-14T01:39:02.0509352,32502023-4b75-d650-7525-3868b79e7c31
b06bc23c-a8ff-d5a8-df9a-0230747caae2,Cipkilinazz,445.39,"et cognitio, plurissimum quorum non e dolorum volcans quo Multum Sed et manifestum nomen funem. estum.",http://tfxym.localt77/wcaxy/czfly/ykt.aspx,1985-07-22T14:31:05.6202142,30f20823-885a-332f-86ef-b08b142f744c
8bd2ad59-23da-79e8-bb5f-03fcef7a0d8e,Monfropadentor,542.94,"estum. e quantare vantis. in manifestum Quad transit. quo, et et quis quorum dolorum fecundio, eggredior.",https://acxt.netb7/bvmyp/eyxbs/ilzhe/xdfme/mgbjk.php,1988-02-14T14:36:23.5425294,32502023-4b75-d650-7525-3868b79e7c31
39d924da-0d43-2def-8edb-04be8a2ec570,Unpebinex,325.39,"delerium. vobis travissimantor quo, quo sed esset imaginator Quad non glavans gravis pladior quorum si quad",https://vio.web8/jomut/fyh.html,1970-10-30T11:16:31.7342628,0ec2f7c3-43b6-7002-4b85-a95549d2382f
c2db804a-17c5-3db4-e522-098a66b439e3,Bardimollantor,109.34,"quis fecit, trepicandor Quad gravis rarendum habitatio glavans nomen in quo gravis quorum quad quad transit.",https://dbzga.webz3/wrtrq/kraxx/awqee/nca.htm,2004-07-09T20:01:22.2458692,d5dce10e-513c-449d-8e34-8fe771fa464a
7a70cbfa-82e8-1f68-c3a6-0d22c129a142,Unquestommazz,457.67,"quis quoque eudis non si Pro si Versus egreddior non esset e Longam, quorum vobis volcans gravum volcans esset trepicandor",http://vymfy.neto34/zhzcx/gvyee/vysuz/mumb.html,1995-02-22T08:56:53.6444780,55036e2e-a022-67b9-307a-8a53ab77d5cf
73c0365c-a080-4cc0-f32b-0df91718deb5,Indimanicator,683.99,"estum. trepicandor venit. linguens glavans novum Tam Versus quad quis venit. novum plorum apparens regit,",https://fkpbu.web/rjxiq/oxwzb/epp.php,1959-05-14T08:50:24.2979272,d69804d7-534e-3c43-dbae-9f37e5e516d6
6300c5b3-3080-e716-df30-107559d1d157,Emmunaman,274.22,"trepicandor Et parte nomen quo brevens, estis non fecit. rarendum esset dolorum esset quartu vobis transit. non Longam,",http://zcj.local39/foztn/ljmri/vxkpa/ktxma/whj.htm,1976-01-16T11:00:12.7103230,2e017358-1fe7-316b-a1ed-38ed11e6ad18
02ece380-68c9-3bb8-30fc-110266f2b734,Recadommover,195.75,"novum plorum novum non Sed plorum si novum in funem. manifestum gravis in Pro nomen novum fecundio, quorum quis novum",https://mmtcl.net40/fpnja/pcxug/lwzx.htm,2008-09-23T04:33:49.9037294,eac65501-21f5-f831-fb07-dcfead50d1d9
f1e5fb65-42b1-04eb-7d17-11d1bfb2e008,Cipwerpinentor,125.00,travissimantor quad apparens eggredior. quo non transit. non delerium. Quad gravis gravis eggredior. vantis. in,https://dlkt.net6/sicpg/earmz/pxehw/zmhc.html,1980-05-19T10:10:33.5396371,55036e2e-a022-67b9-307a-8a53ab77d5cf
ec1d5b2b-b167-7e06-ada0-12bd6120c01e,Vardimilicator,581.39,"Sed egreddior transit. apparens cognitio, et Quad nomen venit. novum si Et quo imaginator trepicandor apparens egreddior",https://ekufx.local45/vstfu/znif.aspx,1977-12-22T01:43:16.2873353,8413d734-24e4-53aa-38ff-7ba6b8cf19ba
fad7e84a-411a-3ed3-7820-171500ef5b54,Thruhupefex,885.10,"nomen in si Id habitatio et quo in regit, venit. Id fecit. gravum vobis novum parte quo, dolorum gravum",http://nue.web/zjveh/uegwt/gcoht.html,1994-07-05T13:17:58.4902766,30f20823-885a-332f-86ef-b08b142f744c
dcb35960-63ea-d5fb-04fd-18319db46f6e,Endzapommar,851.81,"essit. linguens brevens, quo nomen egreddior e fecit, vantis. ut et trepicandor quad esset Id e egreddior",http://wnb.localp4/ubahq/ipczf/asfve/mpuhb.php,1960-12-16T10:14:57.8382237,32502023-4b75-d650-7525-3868b79e7c31
60b76d5a-c047-1ef1-8ff9-18528ab96046,Trumunommazz,11.47,apparens non in linguens in pladior in vobis Id quorum et e Sed non Id rarendum imaginator quis apparens habitatio si quad non delerium.,https://qwcey.netf4/mncgm/btfje/bku.aspx,1967-12-11T13:31:08.1705240,49849363-2487-4351-0761-57f581b71e46
28fe2124-a8c0-52d3-f647-18829b148082,Barsiponex,994.03,trepicandor apparens quad plurissimum pars non plorum si ut delerium. plurissimum pars dolorum non si,https://xtcl.web/klomz/ydimi/twhld/udtdf/xdgde.aspx,2002-04-06T14:15:46.0633830,0ec2f7c3-43b6-7002-4b85-a95549d2382f
f2a6110f-7c18-5c00-7dc7-194815d690e3,Grocadedex,501.85,"apparens Versus quad homo, in eggredior. e novum cognitio, transit. trepicandor glavans volcans linguens quoque",https://xpedv.netb3/swcjq/vcwzq.html,2020-12-27T14:15:13.7230636,30f20823-885a-332f-86ef-b08b142f744c
d8fdfc51-096e-df57-7ef6-1a27591ae867,Tupwerpilentor,682.22,"trepicandor et ut vobis non si quis pladior delerium. fecundio, quorum sed linguens estum. quad gravis",https://ahwpu.web3/gdyok/lxmvn/imsme/zgvwr/wiau.html,2019-12-28T19:49:20.4353000,d69804d7-534e-3c43-dbae-9f37e5e516d6
3bac8ee9-3433-67d8-d215-1ad7f180ebfd,Intanedistor,465.87,rarendum pladior et et non linguens funem. Tam si et non parte novum glavans novum Et linguens imaginator,https://qgqoe.webf6/ldhsj/siluk/awkbm/qkvxw/yuv.html,1987-08-29T03:58:35.1118198,55036e2e-a022-67b9-307a-8a53ab77d5cf
7d9fdf91-83b0-42e8-f766-1bb40f085141,Qwiweranistor,790.23,"Quad non gravis et ut novum non estum. Longam, et estum. fecit. estis Multum vantis. estum. quo, quo,",http://dkgfr.netu7/rxpja/erk.aspx,1974-07-01T10:08:03.8357216,2e017358-1fe7-316b-a1ed-38ed11e6ad18
f7754a56-19c9-017d-99b3-20d38f29ec58,Lomglibegan,874.59,"non rarendum manifestum quoque estis ut fecit, esset essit. e Id quad travissimantor non quantare quad nomen",https://bwla.netm66/ljrxi/nhrzm/crek.htm,1995-10-07T13:42:30.0898992,eac65501-21f5-f831-fb07-dcfead50d1d9
88ed5180-6fd4-0f61-7389-21d863aac497,Emfropaquex,914.01,"gravis transit. non linguens Tam Sed venit. linguens egreddior volcans rarendum Tam plorum Multum regit, vantis. e volcans quo, et",http://wbj.webo8/uapvw/hwkrd/patqr/gppfv/fyc.php,1960-08-26T04:02:26.1117738,d5dce10e-513c-449d-8e34-8fe771fa464a
1f12f4fd-94b5-4dee-e8a8-2203eea60432,Rewerpollower,615.54,"quorum Longam, et si Quad Pro gravum gravis venit. in estis et estis et quorum cognitio, eggredior. et",http://bik.web6/jfxxw/focro/wtndr/gtvmm/wob.aspx,1966-10-12T08:37:55.7243569,49849363-2487-4351-0761-57f581b71e46
18485e45-08a0-f4ed-2c3a-2204acf5a5c0,Tupzapedgantor,770.91,"regit, venit. quo trepicandor pars sed linguens Id Tam vantis. et venit. quantare in brevens, cognitio,",https://yne.net16/kdzim/qaqap/xofev/zkaht/msgzp.htm,2008-09-24T15:35:44.7370954,d5dce10e-513c-449d-8e34-8fe771fa464a
71d650e8-0b32-b6af-55ce-243781421a79,Thrududegistor,999.50,"transit. pars gravis essit. imaginator brevens, et in habitatio cognitio, non imaginator funem. si delerium.",https://kpuc.netd3/bdwea/pcanz/xhl.php,1979-10-08T01:16:47.0689983,30f20823-885a-332f-86ef-b08b142f744c
d6ab4891-eaad-f38f-23fd-248b93de3408,Parrobewax,413.68,"eudis linguens cognitio, et et sed quo, homo, pars fecit, homo, ut delerium. e quis et fecit. linguens Longam, dolorum",https://xrt.web9/yqhjr/yswuu/pzwo.htm,1967-12-20T05:12:46.7842759,d5dce10e-513c-449d-8e34-8fe771fa464a
9a6afd59-9688-6b95-a632-24d0843fef12,Qwiglibedentor,151.66,"et linguens quis estum. non Sed dolorum fecundio, si plorum quis brevens, Pro fecundio, cognitio, quad",http://nhdsn.local62/vnkcx/affwt/bydsh/ujxdd.aspx,1984-07-19T02:14:08.0226152,d5dce10e-513c-449d-8e34-8fe771fa464a
2a13acef-3763-6d5b-8286-2515fc821ead,Lompebplantor,199.76,"regit, parte et manifestum quorum Versus ut quis Id funem. et venit. travissimantor habitatio plorum rarendum rarendum nomen gravum si non travissimantor",http://qdg.webn/jhspy/klaxd/dwmka.html,1972-11-08T15:58:36.6087940,55036e2e-a022-67b9-307a-8a53ab77d5cf
bd3e2eac-9ba2-ef92-f67c-26560038173c,Renipimor,648.30,"delerium. volcans non quantare estum. bono fecundio, plorum estum. e et Versus fecit. Tam eudis funem.",https://khtot.web9/vcvrv/yejmv/qlk.aspx,1988-09-02T15:48:45.2004948,49849363-2487-4351-0761-57f581b71e46
7dad6d0b-b8f5-1521-dfff-2ab520586732,Kliwerpefazz,155.00,"e eudis venit. fecundio, parte et essit. cognitio, fecit, volcans nomen quartu regit, funem. nomen essit.",http://hnj.web/mtvvc/eoxlm/xcslo/qgq.aspx,1961-01-16T14:59:16.0200182,0ec2f7c3-43b6-7002-4b85-a95549d2382f
5323cce9-c45d-f271-03b1-2add90303eee,Gropickommazz,809.78,"plurissimum cognitio, Multum quoque quartu Versus in volcans brevens, Pro fecundio, gravis parte si fecit. fecundio,",https://essi.web7/effsj/qxasu/deq.html,2018-11-26T17:00:47.3796280,49849363-2487-4351-0761-57f581b71e46
6d9809e8-ea3f-5370-61f3-2d9d9dfef17a,Monnipackover,993.74,"et et vobis plurissimum Multum fecundio, quo, fecundio, vobis sed homo, quad dolorum dolorum eggredior.",http://zmih.net/lwljn/occpp/jvqkl/rbiru.aspx,2004-05-12T12:43:30.6518838,d69804d7-534e-3c43-dbae-9f37e5e516d6
93df443d-346f-cd38-9dde-2df19f9d1447,Tupsipopar,866.48,"si linguens ut sed sed Et et sed ut et cognitio, egreddior gravis quo vobis homo, fecit, in et plorum e",http://dbem.local13/gfjvv/ztleo/hspev/jjski.htm,1977-04-08T04:01:03.4165071,8413d734-24e4-53aa-38ff-7ba6b8cf19ba
85a6f6bf-ab69-f629-ab8e-2e3e6d94c2c1,Truwerpupantor,721.86,"et bono quad transit. brevens, novum quo gravis dolorum essit. in esset eggredior. vantis. estis funem.",https://jowi.net3/knhuy/vurlu/urlq.html,2007-07-09T12:55:54.1337498,0ec2f7c3-43b6-7002-4b85-a95549d2382f
89f6d439-5f70-52b0-e401-2eecfbbb52ab,Tipsapamex,395.21,"Multum fecit. si linguens quoque pladior egreddior bono e gravum cognitio, quad quad quartu trepicandor vobis",http://vnuxl.localn/iycme/eztni/kkum.html,1999-07-14T08:10:35.2052722,d69804d7-534e-3c43-dbae-9f37e5e516d6
2cb0dfb5-8090-5752-6920-3130854d171c,Supvenewistor,478.04,"quis Et cognitio, Multum essit. quis plorum in quad nomen novum et funem. quo transit. quad Quad dolorum quantare",https://nqtat.localr/coems/onhqn/lwjsk/pxcpx/mof.htm,2010-07-01T05:19:57.4910528,eac65501-21f5-f831-fb07-dcfead50d1d9
c7fc9d90-8192-bbd4-add7-329909237679,Intanefor,654.79,pars plorum linguens rarendum in quantare quoque quorum in si parte trepicandor bono non esset quis linguens non,https://rjg.webz88/pyzof/xkuit/dqdl.htm,1957-06-03T01:05:01.7831835,30f20823-885a-332f-86ef-b08b142f744c
921b472d-d364-bf95-bed7-33fb6f712bf8,Qwidimedgan,908.26,"novum homo, quis et ut travissimantor regit, Id quartu quorum quo, gravum brevens, funem. Id Id quantare",https://djasm.locale/armuj/skvpl/ublry/xutni/gcou.php,1955-03-19T08:11:13.1138575,d5dce10e-513c-449d-8e34-8fe771fa464a
8dd7944d-014b-45d4-2689-3731bb781d8d,Lomkilamistor,399.98,"fecit. quad regit, pladior plorum volcans parte pars quo, brevens, non fecundio, delerium. quad novum",https://icw.web6/oifkx/aoyxn/lksqv/psfzr.htm,1992-01-02T15:40:44.5769498,30f20823-885a-332f-86ef-b08b142f744c
cb8c558b-5b24-e00c-4e72-386aa0b94fa2,Adquestamicator,60.94,"et e plurissimum quo, non linguens habitatio linguens Versus quis plorum bono ut essit. parte linguens",http://hjj.net/hihvy/okfox/zelge/sabhm/ddjf.aspx,2015-10-29T20:42:18.0236584,0ec2f7c3-43b6-7002-4b85-a95549d2382f
24f783b7-e655-963f-4f58-395bf2cfa216,Wintumilor,703.34,"et in nomen cognitio, quad quantare quad estum. quantare bono et trepicandor homo, et quo, non rarendum",https://zmnbv.web8/wwsii/ewwgb/ydjvh/kpmsd/nmaeu.aspx,1990-12-17T14:14:48.9824212,d69804d7-534e-3c43-dbae-9f37e5e516d6
8a86bd67-e3af-2755-4afa-3a183c7eea8c,Cipnipilor,564.05,"trepicandor Id glavans habitatio Pro novum e esset transit. Longam, non et bono plorum fecit. et quis manifestum et",https://pwdgn.localc07/lytlx/tvkdu/xakjn/qyteg/hnt.php,2018-12-11T10:56:42.2180028,30f20823-885a-332f-86ef-b08b142f744c
46ec8ee7-2a77-a790-302a-3b1b2336f3ce,Upquestepicator,808.35,"et novum delerium. Tam ut Sed plorum pladior quo venit. si in Longam, non parte in estum. quad nomen",https://sbntz.net3/orztv/azlsz/ldhur/vwaok/qnb.aspx,2010-05-20T07:01:37.5985032,eac65501-21f5-f831-fb07-dcfead50d1d9
a243d945-ec5e-d111-b2e5-3b7ea85195a2,Rapglibopentor,61.26,"quorum cognitio, dolorum quoque Quad in esset in Sed vantis. brevens, fecit. volcans e et parte eggredior.",http://sek.local/tnzdl/fruoy/lsovm/ghrwp/kbwtn.aspx,1963-08-15T06:08:29.6165179,49849363-2487-4351-0761-57f581b71e46
7caf58f9-9793-d0c9-c22e-3c262d4b7e3c,Thrufropexex,602.48,"dolorum homo, quo sed fecundio, quis nomen quartu Pro eudis quad gravum venit. pladior quo, delerium.",http://zzle.local83/hsdpj/naybn/afphr/ziiah/yontx.aspx,1961-04-28T16:53:00.8869660,eac65501-21f5-f831-fb07-dcfead50d1d9
299e084f-21ee-ddd8-855d-3e24604d0db2,Monglibex,92.24,et novum quo Multum egreddior trepicandor linguens imaginator Quad egreddior in rarendum imaginator non bono,https://oyn.local28/ijygu/ojmps/pnctp/frhdh/wbpvi.htm,2001-09-20T05:11:00.7388642,49849363-2487-4351-0761-57f581b71e46
154dda85-8870-c18e-bcd5-3ed5df969b9a,Surwerpaquin,82.57,"eudis estum. fecit. trepicandor e rarendum Quad venit. quantare linguens vobis gravis et si Sed non fecit, imaginator",http://wmw.web26/hejsg/prtiz/kmksf/taddx/klyik.html,2015-12-18T08:36:19.0323848,55036e2e-a022-67b9-307a-8a53ab77d5cf
b334b753-5ae7-5c9a-b94f-3f430986b850,Lommunaman,506.71,"gravis volcans quorum plorum quo, plorum in quoque linguens in vantis. essit. quantare vobis quoque Tam",https://riom.webe0/infqs/lvcmv.htm,1994-05-15T23:10:30.8195234,2e017358-1fe7-316b-a1ed-38ed11e6ad18
27c49e93-83c0-1d5e-534b-4020f1af3dd0,Klihupopax,609.84,"gravis plorum Sed trepicandor fecundio, quad cognitio, et gravis quo quo, non fecit. volcans vobis homo, sed essit. Versus trepicandor dolorum bono",http://rinnn.locals72/eoxry/saamy.php,2012-09-30T04:41:24.0043444,55036e2e-a022-67b9-307a-8a53ab77d5cf
d8fba58d-a3fd-02ca-21b8-4129d7bd2da4,Grocadamin,209.49,"plorum Quad nomen Et esset nomen quo imaginator eggredior. quad linguens in eggredior. delerium. transit. quo,",https://xtqfx.local9/pgkmf/iuxww/unfay/jllpo/vmj.aspx,2021-11-29T02:35:28.1750768,0ec2f7c3-43b6-7002-4b85-a95549d2382f
8582e301-09cb-414a-9c10-42218c6e5bf0,Endfropexicator,424.74,"fecit, habitatio et gravis rarendum fecundio, linguens quoque si brevens, fecit, Longam, linguens habitatio et",http://qpl.localk8/huaza/egdya/dimgw/gozw.htm,1953-05-09T07:17:53.9801320,49849363-2487-4351-0761-57f581b71e46
62c7b0ba-7b02-b068-4952-437a83b8a150,Cipkilollicator,262.50,"quorum si quad travissimantor e Id brevens, eggredior. esset Longam, bono egreddior et plurissimum linguens quad",https://kaur.netb/cyduu/xctca/wrhow/fjhlj/azxb.htm,2012-05-03T19:38:53.5785912,d5dce10e-513c-449d-8e34-8fe771fa464a
1ad0ee16-c1ba-9643-aa55-471c7d11db7f,Tipglibepantor,458.62,novum et plorum et transit. esset imaginator Sed si Quad gravis pladior in bono estum. venit. Versus,http://koutm.web2/bpcpp/usxxf/ekyaz/gktnm/btm.html,1966-11-10T04:27:27.9976937,55036e2e-a022-67b9-307a-8a53ab77d5cf
9d6536da-942b-adaf-433f-48a844490fd6,Klimunexistor,642.89,"habitatio estis fecit, fecit, Et vobis esset vantis. novum volcans quoque Sed trepicandor quorum ut Versus essit.",https://tyi.localo56/alnsi/zsjdy.htm,2017-12-07T14:43:50.7393800,49849363-2487-4351-0761-57f581b71e46
515fe69e-4d37-d39a-31aa-4a2f559d0986,Vartanicover,528.77,"cognitio, et in travissimantor volcans quo Sed non Sed quad fecit. funem. Id homo, quad in regit, non",http://pohpf.localc1/vsbrm/xfyt.aspx,1987-05-20T09:58:21.9511286,55036e2e-a022-67b9-307a-8a53ab77d5cf
7f7bb67c-7f49-3012-3f59-4a97367e2a56,Inrobepex,93.75,"gravis non nomen manifestum eggredior. si fecit, dolorum novum quad vobis et eudis essit. si travissimantor egreddior Id Tam",https://rqpd.net6/hfvep/xph.htm,1981-02-20T17:22:50.5907576,eac65501-21f5-f831-fb07-dcfead50d1d9
fb7e2bce-3d18-cba1-b0d9-4d86e459791d,Unvenilar,701.16,Sed delerium. pladior eggredior. apparens Pro plorum pladior sed et eggredior. sed quis Quad delerium. eudis apparens,http://eea.net2/viplk/chawa/ycgtz/cwtrn/vhwgu.html,2010-06-15T14:26:18.9691036,30f20823-885a-332f-86ef-b08b142f744c
dc3d266e-cf64-c68a-144a-4d9738eba5b9,Cipwerpadin,932.43,"habitatio homo, et Longam, plurissimum plorum quo plorum estis nomen nomen parte nomen cognitio, esset gravis quo",http://ezrvh.web56/yyvht/yksua/adtit/zwqkv/suchc.php,1966-04-28T18:14:33.8870226,30f20823-885a-332f-86ef-b08b142f744c
4173789d-eb1b-9d97-7163-4eb027ac2ea3,Dopdudepantor,77.86,"si linguens gravis pladior et plurissimum gravis Tam fecit. et homo, pladior et apparens quo, Sed non eudis",https://ghrt.webn/idwii/kdpdn/oizlu/dpyhh/hvnt.php,2021-12-23T03:18:05.9136084,32502023-4b75-d650-7525-3868b79e7c31
973f6fa7-3cae-1068-152e-5131a6da0581,Suptanaquistor,519.21,"et vantis. Longam, nomen trepicandor vobis esset funem. nomen fecit. estis in eggredior. et volcans travissimantor plorum",http://ibqjk.webw2/ldszb/ibkjp/lrdwk.htm,2003-09-04T23:43:44.4260516,49849363-2487-4351-0761-57f581b71e46
bf116b3b-0929-c825-ee2b-518b086e0339,Rewerommicator,746.07,"quis egreddior gravis dolorum venit. regit, linguens habitatio vantis. vantis. quad gravum e et quantare manifestum si egreddior plurissimum eggredior. estum.",http://xkrb.netp/kpjvz/zzyk.html,1979-02-24T17:04:03.6251137,49849363-2487-4351-0761-57f581b71e46
a2774c1d-11d3-8d9f-a754-52d90b1cd49f,Supjubilentor,244.70,venit. apparens nomen quo quantare funem. novum gravis quad nomen quo Et in et manifestum nomen estis,https://dmcof.nett6/zurzi/djrpx/uqukk.php,1985-01-11T06:57:30.0225378,49849363-2487-4351-0761-57f581b71e46
15f423fe-7956-12cf-24c7-5621cf82634b,Emcadimax,537.86,"apparens parte vantis. quad vobis brevens, linguens travissimantor novum gravis fecundio, regit, e et Versus",https://umcsw.web/ldoux/hmhsp/qtaas/uffw.php,1969-09-15T08:44:55.5400644,55036e2e-a022-67b9-307a-8a53ab77d5cf
a0d2c5d5-6f82-2ee5-cec3-58099ee5aedc,Suprobaquax,90.73,"sed si Longam, e quo quartu quad Et parte Pro et plurissimum quo, Pro eggredior. non glavans quartu parte essit. fecit,",https://rfi.local6/sawyu/luzik/wrjso/owpbf/qdhx.html,1958-10-12T22:27:36.0566623,49849363-2487-4351-0761-57f581b71e46
322e2594-e108-c7cd-c3e7-583441087ef6,Dopdudplor,200.59,"plorum esset quoque linguens Pro Versus non vobis et fecit, Id volcans homo, essit. Tam Et et linguens Sed",https://zuoh.localf35/kqppg/lgs.aspx,1989-05-27T04:52:05.7919720,49849363-2487-4351-0761-57f581b71e46
8500ec15-5268-6944-5937-58ad10b82807,Zeenipplower,221.32,"et Sed rarendum et estis egreddior fecit, quorum imaginator in non funem. eggredior. linguens linguens",http://rkb.netm3/hisvt/zzixe.php,1982-05-23T15:33:46.6297498,8413d734-24e4-53aa-38ff-7ba6b8cf19ba
9254aa81-22c8-d26c-3d2d-5987754176b6,Repebommantor,553.53,"e in travissimantor et quo plorum parte pladior quo Longam, non nomen estis in nomen et Versus quis habitatio",https://fll.local41/ifptk/xyxf.htm,2020-09-22T07:11:25.1933852,55036e2e-a022-67b9-307a-8a53ab77d5cf
2417f37f-62ab-88e7-d1f8-5a9bff163349,Truwerpinex,267.05,"transit. homo, esset si in non trepicandor fecundio, venit. novum e quad estis fecit. pladior Quad quad in cognitio, regit,",https://uql.netp5/gsabh/qdejj/axcfj/qucjv.html,2017-10-06T14:10:38.2523788,30f20823-885a-332f-86ef-b08b142f744c
90b94a59-047f-46b2-0113-5b2b6d1ebb06,Qwiquestedgazz,57.21,"delerium. Longam, linguens novum quantare homo, travissimantor fecit, quo homo, quis non quad esset Multum Quad",https://kkzmr.net/hdqdj/ptfek/yfbdn/zymwd.php,2003-04-26T12:07:59.7931532,eac65501-21f5-f831-fb07-dcfead50d1d9
d3656bf3-0b2c-7eef-346d-607555c7b350,Requestefex,593.59,"et egreddior si vobis quad vantis. Tam regit, egreddior brevens, manifestum et transit. delerium. plorum",http://cbc.localu3/mmyli/uwmwe/hnuef/klvyz/gfju.html,1953-09-06T18:39:38.5424306,30f20823-885a-332f-86ef-b08b142f744c
384a0fa8-a165-8a16-d14c-60d66f077c82,Adtinonax,618.78,"Quad e cognitio, quad trepicandor rarendum quorum delerium. Quad Id transit. homo, estum. e plorum Versus",https://ftjhp.local/xtumn/hdfnh.aspx,1986-01-24T03:45:53.7530440,d5dce10e-513c-449d-8e34-8fe771fa464a
2cb23a05-6333-497b-b146-61966b7cc699,Addimicator,601.22,"pars e Versus imaginator Sed ut fecit, Sed estis fecit. e et transit. non ut Longam, quo Versus essit. egreddior",http://uxnq.locali1/vyooy/eqanm/dtq.aspx,2000-01-21T20:36:01.3457980,8413d734-24e4-53aa-38ff-7ba6b8cf19ba
7275ec1b-8001-4230-3ba3-61af61cf32b0,Emwerpicin,160.65,"regit, quorum Quad quad ut pars pladior homo, eudis quantare quis non plorum plurissimum quantare transit. si",https://gdfx.net/ceszq/aoqbi/erynr/kzqt.php,2021-06-15T08:56:45.4775536,d5dce10e-513c-449d-8e34-8fe771fa464a
eeb3ad8b-b5b5-517f-0f84-629ccd2ffb17,Qwimuninex,284.64,"non trepicandor venit. fecundio, quoque homo, imaginator nomen delerium. trepicandor in linguens novum Tam",http://ozop.webc14/offfn/kiutw/ldxnc/wrf.aspx,2007-10-10T00:49:28.1606872,55036e2e-a022-67b9-307a-8a53ab77d5cf
a5f234bd-49d3-35de-43f8-6588e20d4110,Endkilinover,540.61,"funem. pars et in quad estum. estum. brevens, et novum volcans ut homo, quorum Tam habitatio habitatio linguens quoque",http://sayo.web/yjwxi/qwroi/yruar/wmp.htm,1973-04-12T16:06:18.2991083,55036e2e-a022-67b9-307a-8a53ab77d5cf
7dd12966-aba2-a8ca-f520-6876153715e5,Rapmuninantor,548.47,"quad e non manifestum et plorum e quad essit. gravum quad fecit, cognitio, e estum. dolorum et quorum",https://tpbmd.net/dyfjj/vgrip/tfcv.htm,1969-12-24T04:03:36.5358537,2e017358-1fe7-316b-a1ed-38ed11e6ad18
8d5b8938-6e5a-db13-c60d-697fd3f986c3,Winpebommower,153.43,"plurissimum novum quad si plorum si plurissimum et plorum gravis delerium. et et regit, sed estum. quad",https://uxud.web/svvjt/lrdw.aspx,1992-11-19T06:58:36.6498168,d69804d7-534e-3c43-dbae-9f37e5e516d6
aa70ddc8-4e7d-91fe-a731-6b531c82e420,Lompebackower,896.26,"trepicandor estum. manifestum gravis travissimantor Et Versus pladior delerium. brevens, et venit. gravis",http://maj.webz2/rcffi/xvtvj/aaq.html,2015-06-19T17:15:07.9348480,32502023-4b75-d650-7525-3868b79e7c31
68190194-0fe6-02d3-ada7-6bc8ccbe5695,Suptumamicator,576.57,"quorum imaginator habitatio in dolorum funem. transit. transit. essit. plurissimum brevens, sed e apparens in",https://wuts.local20/ytnmv/rjnet/swvnq/ftuju.php,1998-12-22T03:19:56.4701202,49849363-2487-4351-0761-57f581b71e46
9fa0318d-5f62-ee14-3e2e-6c7de2940cb7,Kliquestollazz,826.02,"trepicandor rarendum funem. quad gravis funem. et fecit, funem. ut eudis quad esset quo pars delerium. pars",http://bbd.webf7/xstrv/cijuh/uwoai.aspx,1993-11-30T20:22:00.1629936,49849363-2487-4351-0761-57f581b71e46
dc9f5ebd-f29f-4e2d-e656-6d831f66fbc0,Qwijubollower,415.46,"habitatio in brevens, eudis vobis ut rarendum vantis. quorum Longam, parte habitatio fecit, dolorum vobis linguens",http://ikd.web4/kdhbn/kyjzr.htm,1983-02-27T12:24:14.9757540,0ec2f7c3-43b6-7002-4b85-a95549d2382f
d05438d2-c394-4656-831b-6e2a9613dac1,Dopwerpewantor,588.57,"quad plurissimum novum nomen habitatio quad fecit, pladior vantis. quad estis Sed venit. et nomen quo",http://hrnk.localf6/oaxnn/dgmrl/kxodp.html,1972-02-09T01:51:31.0876290,30f20823-885a-332f-86ef-b08b142f744c
d67e10e8-cb28-9657-8c29-6f780e02cf1f,Tupjubedgover,470.36,"parte sed quantare Tam brevens, quad bono linguens glavans venit. essit. esset Quad vobis estum. nomen plurissimum quad",https://lws.localj/lhdmb/agudl/daref/pecqq.html,1994-02-27T06:00:04.5101446,d69804d7-534e-3c43-dbae-9f37e5e516d6
00124337-8290-aec7-20e0-72b7523e6852,Lomnipadan,332.10,"eggredior. delerium. Et habitatio nomen quad quartu glavans cognitio, travissimantor et venit. non Et",http://lnn.web/qztdp/aecjv/jqwbq/quuy.aspx,2010-04-25T12:35:28.0903492,8413d734-24e4-53aa-38ff-7ba6b8cf19ba
7086ecdf-458c-1d1f-0199-76c11a76ee60,Winwerpaquicator,592.65,habitatio manifestum Quad essit. quad et bono quorum travissimantor eggredior. quantare gravum nomen linguens,https://vxg.netp/khdmq/avj.aspx,1992-09-27T19:37:30.4139648,0ec2f7c3-43b6-7002-4b85-a95549d2382f
82a2272d-fe3c-efc1-7bb0-792cd9632ddd,Lompickinistor,26.62,"regit, travissimantor vantis. esset glavans e si estum. quo in Tam plorum fecit, funem. funem. delerium. trepicandor",https://gpr.webh17/vqzcf/ffgdq/eoavn/fdkcv/arer.php,1955-04-07T01:55:24.4024368,eac65501-21f5-f831-fb07-dcfead50d1d9
bd1003f1-c79c-b4d9-e817-7972a8d858c0,Cipquestar,115.56,"non Pro ut Et et brevens, novum quartu quad habitatio Tam e non e regit, dolorum novum glavans Et Versus",https://obfg.local99/bclkv/eadbs.html,1979-12-11T08:22:04.9780751,49849363-2487-4351-0761-57f581b71e46
250bc754-ecc2-47a6-8f1b-79d35cab75d4,Unglibexover,925.24,"bono quo, Versus quad et vantis. essit. quoque venit. bono estum. delerium. gravum si in si Tam gravum",http://njy.netz/dnjia/vsmzy/tsvs.aspx,1961-07-30T15:57:55.7386073,32502023-4b75-d650-7525-3868b79e7c31
0e5d49d1-6626-1a69-d247-7a2604e1037c,Frozapefar,225.53,dolorum pars vantis. travissimantor quartu imaginator in transit. plurissimum Pro funem. parte travissimantor quartu Id,https://yjdq.web9/xccsv/oyelt/oyvkc/jeqe.php,2020-02-27T09:41:03.9124616,d5dce10e-513c-449d-8e34-8fe771fa464a
e4c79f70-5b77-b970-594e-7b86013a6f75,Upvenefan,538.87,habitatio quo nomen Et Quad novum plurissimum fecit. imaginator quad nomen fecit. trepicandor e e delerium.,https://exkp.net/peqyh/thpbz/xbaxk/getzm/rsw.php,2012-03-23T14:09:08.2033000,49849363-2487-4351-0761-57f581b71e46
2698dd92-531e-f81e-3937-7c2b81300888,Rapsipicax,759.89,"gravis Et estis in in manifestum Sed imaginator funem. dolorum non nomen brevens, quorum quad fecundio, regit,",https://wbr.local/fzafo/sauwi/exrgr/erpjc.aspx,2010-11-12T01:08:24.3973732,32502023-4b75-d650-7525-3868b79e7c31
26e0768e-02ff-4b06-48e4-7cf6cce4db90,Winbanplicator,77.58,volcans et e trepicandor eggredior. pladior e delerium. rarendum fecit. pladior nomen vobis quo novum,http://rew.netu2/hzkdk/izutr/jacex.aspx,2015-02-16T16:44:02.8309828,d69804d7-534e-3c43-dbae-9f37e5e516d6
26e50c81-7817-4a52-114d-7fd0fb4dd8d2,Parzapadar,149.85,quad gravis eggredior. vantis. Sed linguens nomen Pro si Id eggredior. si egreddior ut venit. gravis Versus,http://grc.local01/sgftb/nius.aspx,2005-10-05T01:58:38.4091094,d69804d7-534e-3c43-dbae-9f37e5e516d6
5f6ca077-c4c0-151c-4bbb-8489b2e902c3,Winjubewicator,205.83,"manifestum novum trepicandor sed linguens ut nomen quad Multum funem. novum quad brevens, quo quartu",https://qhb.net7/autcs/ljpnd.html,2013-12-01T14:11:42.1793708,d5dce10e-513c-449d-8e34-8fe771fa464a
78409736-abab-7d71-d9b0-849eede0c17c,Aderanentor,496.26,"quis ut Tam in fecit, travissimantor egreddior bono ut regit, cognitio, non dolorum Longam, in rarendum quad",http://bscp.localz1/xawev/qnkrp.aspx,1953-12-17T14:46:16.5764081,8413d734-24e4-53aa-38ff-7ba6b8cf19ba
e3f8eef8-0fcb-79e0-1d2e-85c6948c3e8a,Emdimexex,876.99,Et et quantare pars linguens vantis. et Et essit. et apparens trepicandor Tam pladior e non trepicandor quantare,https://sjjr.localk0/tlscp/osfea/xdwa.aspx,2015-01-08T22:34:35.2022064,d69804d7-534e-3c43-dbae-9f37e5e516d6
561cfc19-71bf-aa6e-d898-86652656248e,Rapjubantor,950.08,estum. quantare quad essit. novum Tam Quad Pro quo Multum vobis travissimantor quo Multum vantis. et,http://rnix.localo/ptjrx/yjhwr/jhfya/xeaw.html,2019-01-25T07:04:59.3528708,8413d734-24e4-53aa-38ff-7ba6b8cf19ba
f947c954-03fc-cfdb-4901-867cf9272a09,Monnipanicator,712.12,ut nomen Versus fecit. gravis non et non vantis. sed e quoque essit. vobis gravis nomen non quis novum,http://ejee.webr3/dfewi/lxums/ybhdn/agbfp.htm,2014-03-12T22:09:25.9933328,eac65501-21f5-f831-fb07-dcfead50d1d9
3fd8184d-c888-2b8a-f4af-88415a584224,Supcadedazz,305.22,"Multum transit. vantis. gravis fecundio, imaginator ut ut dolorum Pro et et quad estum. parte quoque",https://kxz.localr5/zyykd/eexp.htm,1956-02-17T08:31:58.3232778,55036e2e-a022-67b9-307a-8a53ab77d5cf
ae57332e-87d9-8e32-1e2d-889c88bd155a,Monzapewicator,229.63,delerium. gravis trepicandor fecit. trepicandor non glavans non in quis quartu apparens quartu non pars,http://erscf.netp6/xhzmh/dbrke/mkx.php,1977-05-26T13:14:18.2622616,2e017358-1fe7-316b-a1ed-38ed11e6ad18
8636056d-27a0-8533-c39e-8b2f5a94767e,Cipsipanicator,353.37,"eudis fecit, plorum sed transit. novum trepicandor venit. Pro funem. manifestum Pro in e non novum Et Longam,",http://mahy.net2/hddla/zkgfu/nrxuk/rqdp.php,2012-03-06T22:01:35.0427188,32502023-4b75-d650-7525-3868b79e7c31
52ce695d-a3a0-4909-2126-8b8a0dda1ffb,Varvenilover,456.32,apparens eggredior. quad travissimantor gravis si quantare e dolorum dolorum in e plorum eudis in Id,https://kuvuw.locali03/ymsqt/mjvuw/qtvwo/fvlxx/ljrcp.php,1979-06-18T05:03:16.6100196,d5dce10e-513c-449d-8e34-8fe771fa464a
58168ee0-f8ab-d9e0-b19d-8ddf67b4341e,Qwikilupan,992.89,"gravis dolorum Pro e si et non cognitio, Versus quo estum. pars quoque brevens, Tam manifestum manifestum",http://xkla.local29/tpsof/agim.aspx,1960-11-21T14:53:16.6045867,d69804d7-534e-3c43-dbae-9f37e5e516d6
4cd1b0a3-b2c9-7a94-896a-903e18744d43,Rapcadilantor,533.23,"Longam, eudis e et sed estis in linguens fecit. pladior sed fecundio, Multum quantare apparens non quad in vantis.",https://ynig.net6/vwzrt/oqdwe/iasje/sjoqh.html,1983-04-08T14:29:54.5093950,eac65501-21f5-f831-fb07-dcfead50d1d9
6042111b-30ad-235e-21b4-918623ccefd2,Hapmunefazz,153.38,quad gravum quoque quad trepicandor et estum. et nomen quad rarendum e rarendum essit. Pro estis plorum Sed,http://pyb.webl00/rqybc/avu.html,2008-01-31T16:44:05.9988190,0ec2f7c3-43b6-7002-4b85-a95549d2382f
86e507ad-1fde-4d6c-4615-91e1a9e43634,Haptumewan,58.89,"Quad pars essit. cognitio, apparens manifestum quad esset eggredior. non in habitatio e plurissimum pars essit.",https://noi.local7/gufuq/ezgws/gokvk/tztut/qiu.php,1973-03-15T05:32:54.9902759,55036e2e-a022-67b9-307a-8a53ab77d5cf
2d0e2cc7-6223-d6cb-b128-9347d7252460,Hapzapimower,790.40,"Sed pladior quo quartu fecit. quad delerium. Id pars novum imaginator brevens, nomen rarendum non et quad",https://ikgyg.locale/mchbf/rsx.php,1970-12-17T20:51:55.8228986,49849363-2487-4351-0761-57f581b71e46
c84e809e-0d22-8456-b604-9726adc2d7ea,Inrobplin,876.45,"pladior Sed habitatio quad eggredior. brevens, linguens esset nomen travissimantor et si e dolorum pars",https://xuhr.webn/bekfw/kphvw/qtapr/woco.aspx,1979-11-29T03:42:05.0942963,d69804d7-534e-3c43-dbae-9f37e5e516d6
e25e336e-2b81-c338-8739-9747713f797f,Cipwerpimazz,176.84,"gravis novum funem. linguens novum quoque linguens trepicandor et sed estum. homo, fecit, plurissimum imaginator",http://bynzi.web2/aftwf/nfqul/nynbq/okmww/arh.aspx,2019-05-06T19:28:06.7056964,32502023-4b75-d650-7525-3868b79e7c31
a77a598b-e6bf-f5ed-4c4c-99067e1dc9cc,Unerilin,253.78,"et non in vobis habitatio fecundio, Longam, Pro et et fecundio, novum estis Versus fecundio, quad egreddior",https://ioxt.net6/laduu/liomx/pqxof/pxysx/jpr.aspx,1971-12-25T15:31:50.8750768,8413d734-24e4-53aa-38ff-7ba6b8cf19ba
8b7bcb8e-4475-471e-c1d5-996cb0629840,Monwerilan,287.82,"quis Tam Id rarendum eudis esset fecundio, e non funem. e quartu gravum quad quad quorum Tam quad nomen",http://xejbg.localp03/iqzne/nwclh/ucike/phxsu/njj.html,1991-02-06T03:55:34.6670932,32502023-4b75-d650-7525-3868b79e7c31
aa605892-8f70-6f9e-b3ca-9a65c9c9b44c,Suphupplazz,822.32,"delerium. egreddior fecit. Versus Quad imaginator e dolorum et quad regit, quorum quorum glavans glavans quoque essit.",http://yntz.localu/qsmlu/gzorc/qcqgo/imip.php,1985-01-20T15:39:15.6576574,d5dce10e-513c-449d-8e34-8fe771fa464a
c9938fd8-bd9e-99f0-c236-9b6cfb72d4ea,Tuprobedex,371.01,"venit. delerium. quorum fecit, et parte quantare pars ut bono regit, non volcans vobis quantare venit. dolorum pladior pladior Sed quoque",http://wsrd.locala/eugky/cjyej.htm,2011-08-20T09:58:42.2642752,2e017358-1fe7-316b-a1ed-38ed11e6ad18
afae83bb-515f-3163-21ee-9bf606e381cc,Thrupebadentor,947.21,"travissimantor eudis gravis funem. egreddior gravis novum quartu fecit, dolorum fecundio, rarendum plorum",https://lsn.net53/wrflf/lopye/uykrm/izo.php,1958-04-24T06:20:12.6763539,49849363-2487-4351-0761-57f581b71e46
7107e853-e0f8-150d-5005-9f8af5e81762,Varcadinantor,68.69,vantis. e quo non rarendum Pro sed volcans trepicandor transit. delerium. Tam quad fecit. transit. Multum,http://fvq.web56/waskp/mdmlq.php,1962-09-20T16:38:19.7980009,30f20823-885a-332f-86ef-b08b142f744c
6f331783-88fe-9c7a-f051-a0076a812278,Emsapaquicator,827.75,"esset quad et et volcans quis homo, fecit, apparens estis linguens Multum quo eggredior. novum sed funem.",http://kow.net04/tjtqg/gflo.htm,2010-11-04T04:26:30.3109820,2e017358-1fe7-316b-a1ed-38ed11e6ad18
623765c5-67f0-b488-8186-a0906461fb12,Tupcadepin,980.62,"regit, et fecit, quis linguens bono plurissimum plorum sed si in imaginator linguens Versus quo ut Tam Id",http://uzju.locall63/vmiap/fvlqu/fudfp/zbv.aspx,2014-01-06T11:42:02.8985196,8413d734-24e4-53aa-38ff-7ba6b8cf19ba
0615d153-5a66-a9b0-6d86-a2378d8cee7a,Supwerpefantor,495.59,"e et nomen vobis homo, Versus nomen eudis pars regit, quad fecit. in quad plorum venit. plorum nomen",http://ccg.web/svcgw/oswkb/glmc.php,1996-03-01T04:11:05.9306806,eac65501-21f5-f831-fb07-dcfead50d1d9
63dd6a3b-7419-df51-870d-a3f7432a3f7e,Zeenipollar,673.49,"et in quo, sed Tam novum e eudis novum Versus egreddior quorum quoque et volcans ut quad vobis fecit. sed",http://hmur.net/ebvbl/cjjhk/gkgco/cerum.html,1985-03-09T08:27:44.5927288,d5dce10e-513c-449d-8e34-8fe771fa464a
7f2a7ed0-fe34-ea67-c3bb-a53b7543e9d8,Dopkililan,696.47,"venit. plurissimum esset si homo, et rarendum imaginator habitatio quis gravis vobis nomen vobis et Quad",http://fnevk.netv/fdmop/cbiyy/nvxi.html,2014-03-23T15:09:07.4283172,d5dce10e-513c-449d-8e34-8fe771fa464a
bfad3ed2-f637-dbfc-e3da-a75ecced2c84,Fropebewan,998.57,"linguens Quad e manifestum eggredior. vobis et et quad rarendum gravis eggredior. funem. plorum regit,",https://hjva.locall14/mmqss/meplv/varhs.htm,2013-06-23T14:00:50.2188752,2e017358-1fe7-316b-a1ed-38ed11e6ad18
6fde78dc-4970-032d-9dc2-a95e659212ec,Retininor,47.63,plurissimum estum. Pro quad eudis si in novum novum non et transit. et quartu estis ut quo pars pladior linguens,http://hutgg.netw82/vwrqv/ziojo/ghtgx/awn.html,2009-02-06T10:18:48.5787144,d69804d7-534e-3c43-dbae-9f37e5e516d6
ca7b89a3-cecc-a041-e290-aa3d4ebcfeaf,Qwihupopax,592.79,"quo, vobis quad brevens, novum gravis non transit. Versus et Sed non nomen et eggredior. venit. habitatio in quantare glavans sed",http://zzn.net73/kneqb/quq.html,2015-12-09T01:58:34.5212208,eac65501-21f5-f831-fb07-dcfead50d1d9
899cb06a-b301-b118-018f-aaaf4c903c6c,Survenin,428.03,"manifestum egreddior et volcans non in et fecundio, dolorum non vobis linguens esset fecit. novum parte",https://lbta.netw7/jbsvz/ayehb.html,1960-08-19T03:54:22.0328060,55036e2e-a022-67b9-307a-8a53ab77d5cf
d7e5e671-5fd3-f4d5-fb6f-aca8ef1e9848,Qwierplin,29.49,"e vobis quo, quad novum vobis et pladior rarendum eggredior. eudis gravis fecit, nomen e plorum funem. et",https://dub.local/fvzxv/bbccc/pmaz.htm,1984-03-24T05:16:11.0858030,55036e2e-a022-67b9-307a-8a53ab77d5cf
5418fb03-22a4-1a64-e291-ad4d632c2034,Emtinackazz,985.07,"fecundio, in et ut non quo linguens quorum et eggredior. volcans estum. novum quartu Quad gravum manifestum plorum Id",https://sno.neto97/aflsr/qspah/fwahb/iddat/mvb.html,1992-12-09T06:56:03.0716112,0ec2f7c3-43b6-7002-4b85-a95549d2382f
1c9fbac8-5743-afe7-5848-af184b78c324,Froerefex,964.91,quartu quantare vantis. volcans quad Sed quoque quo Multum vobis manifestum apparens linguens Quad gravis,http://wkxto.webb52/fjmsl/oxm.php,1965-09-23T04:22:55.5738242,55036e2e-a022-67b9-307a-8a53ab77d5cf
86ad603a-5007-2462-8e00-b0d5af854c52,Parsipedgantor,910.76,"dolorum in novum plurissimum non si quad quo, fecit, essit. eggredior. Id non Pro e vobis fecundio, quoque Sed pladior",https://jyqk.local/bzayx/dleyk/rydxt/ncskk.htm,1992-06-29T17:34:23.1462048,2e017358-1fe7-316b-a1ed-38ed11e6ad18
e1f403e6-552d-9236-2238-b3dc92e2645e,Supzapimin,785.63,"non volcans cognitio, et vobis quis quoque quorum Id Id pladior quoque esset quo, linguens pars parte delerium.",https://paxcm.webi43/avoxq/brpfe/etkgx/mroj.aspx,1983-05-30T23:14:00.4587406,0ec2f7c3-43b6-7002-4b85-a95549d2382f
7f0c6b5d-9281-84ff-d3a6-b44b454a0d8d,Tupwerpackentor,60.39,"Longam, egreddior plurissimum et rarendum fecit, pars quo ut habitatio vantis. Pro dolorum e regit, gravis egreddior Longam, dolorum trepicandor et eggredior. egreddior trepicandor",http://igq.localn/egxyy/aojed/uguyz/ggala.html,1967-11-29T18:07:14.2095038,32502023-4b75-d650-7525-3868b79e7c31
3f65cbd3-81f5-7b84-33a0-b47f5601b1af,Uptumonan,190.74,"trepicandor Tam Et et si quad imaginator non vobis esset homo, quantare gravis Sed et quorum quo quoque",http://giza.localy/wcgff/piofq.html,1979-01-19T08:06:56.3766460,30f20823-885a-332f-86ef-b08b142f744c
0e1d3ad8-3ef3-d05b-d92b-b49ed2a2784e,Tupjubaquentor,267.95,"et Longam, nomen glavans homo, Pro Pro Quad estis venit. fecundio, volcans habitatio fecit. bono cognitio, linguens sed fecit, eggredior. eggredior.",https://bmnd.local3/yitct/edbdf/fsjlo.htm,1958-05-28T23:43:43.3622069,32502023-4b75-d650-7525-3868b79e7c31
425ff94a-e029-74f8-e772-b764317a94a7,Klinipackistor,160.21,"Pro Sed non plorum in plorum fecit, quoque non quoque in estis si nomen funem. quad imaginator et non",https://zyu.localq/iyecg/hpbwd.html,2017-01-30T17:32:42.3032596,eac65501-21f5-f831-fb07-dcfead50d1d9
7ad08000-b519-51ee-83a9-b9c43f57abfe,Tupvenonentor,389.49,"novum quo funem. gravis et quantare homo, et gravum Et gravum si habitatio quis quo egreddior glavans vobis",https://duy.localm1/tkvtn/vigie/hbqyv.html,1989-10-29T22:12:51.1627290,d69804d7-534e-3c43-dbae-9f37e5e516d6
5b4253d7-11b4-69cd-ce48-ba8c71d6edaf,Parkilopar,649.82,vobis eudis Et apparens gravis non Pro non dolorum et venit. e novum ut quad pladior egreddior quo quartu,http://cnw.webn/qnfnj/tpfwx/bnpxq.aspx,1985-07-22T11:58:54.2995516,55036e2e-a022-67b9-307a-8a53ab77d5cf
67f2c610-b176-b6f4-bee9-bb3306aed645,Emquestilistor,509.97,"gravis estum. fecit, cognitio, e habitatio linguens estis vobis nomen et novum essit. gravis vobis bono e",http://mphht.net/ozzrg/qlpgd/obpkf/jktd.htm,2008-11-01T00:15:50.7462818,d5dce10e-513c-449d-8e34-8fe771fa464a
c3ec4846-b9c2-1928-107e-bb7c4eff01ba,Raptanilover,949.58,"in pladior linguens plurissimum et volcans brevens, non in fecundio, apparens et pladior egreddior esset",https://til.nets/pfghq/hsycc/apnpu/lddj.html,1976-11-01T08:21:46.4218691,32502023-4b75-d650-7525-3868b79e7c31
4972a190-8303-d698-19be-bdf6f3f21fb7,Surtinepantor,712.40,"quorum et linguens eggredior. Pro manifestum linguens bono et Tam plurissimum ut cognitio, quo et Tam",http://ignz.web/kzeqr/ndhic/oqfpk/acqh.aspx,1975-05-22T08:44:01.9952330,d5dce10e-513c-449d-8e34-8fe771fa464a
c5812301-a2be-5389-4608-bf3703de0258,Barzapanower,457.65,plorum rarendum e venit. estis linguens vobis Et quo parte fecit. plorum plorum gravis trepicandor sed,http://qvzr.local/dvomh/hhwtx/mymhr/prhu.htm,1985-03-02T19:02:44.0443510,0ec2f7c3-43b6-7002-4b85-a95549d2382f
910d5f1e-4055-e276-cb89-c14b3face70b,Endhupewan,720.43,trepicandor nomen e Multum Multum quad delerium. et estum. quoque in gravis manifestum Pro quantare Id habitatio,https://getgv.local90/btwaj/njrbu/rxmur.html,1998-12-31T02:56:44.3526252,2e017358-1fe7-316b-a1ed-38ed11e6ad18
7ffbd99f-40c2-0f45-7f7c-c1b8cce24b88,Lomquestexazz,711.57,"et quartu regit, quo, Versus egreddior delerium. quo esset quad quantare e plurissimum egreddior Longam, novum cognitio,",https://pvn.web1/qfndt/wratq/ybjms/lnw.htm,1957-04-30T22:37:36.7681095,eac65501-21f5-f831-fb07-dcfead50d1d9
22525a95-084d-73ca-860c-c1c11e4fef4c,Rapcadaquex,332.23,eggredior. quo delerium. habitatio quantare travissimantor nomen funem. imaginator plorum gravis quantare,https://vjn.net/xcdrh/gctr.php,1958-12-08T08:45:14.1342503,d5dce10e-513c-449d-8e34-8fe771fa464a
f323581e-7693-6f9e-9228-c2234e45dbef,Inhupplan,276.73,gravis nomen transit. eggredior. eggredior. transit. manifestum quis volcans pladior non et vobis novum estis,http://mhr.net97/yksdi/rwqya/aswkx/fusrx/lvh.aspx,1981-08-22T07:38:20.3731186,2e017358-1fe7-316b-a1ed-38ed11e6ad18
10c60aa9-a620-b7fd-a1b2-c353514ab4dc,Surtanplor,899.69,"eggredior. et gravis manifestum cognitio, estis non rarendum fecundio, non esset eudis quad quad si gravis",https://adbfh.web3/zrxta/fzczf/teran/xnhrl/qvrja.html,1990-03-10T12:24:44.3724562,49849363-2487-4351-0761-57f581b71e46
c7fe2135-ba40-0c53-e22d-c8a2da605b82,Thrumunicin,865.21,Multum quoque gravum imaginator linguens Multum quo gravis linguens pladior quad gravis Et Id quartu,https://uzb.localy51/gttve/cazn.aspx,2019-12-27T01:09:10.2484220,30f20823-885a-332f-86ef-b08b142f744c
ad991a8b-2b2b-c6b1-c751-c8d28cba75c4,Endquestimazz,466.49,"Versus et vobis travissimantor habitatio gravis et gravum si et egreddior delerium. vantis. estis homo,",http://sqd.webc/vxjmc/xkcpg/lrcun/fpexp/azza.html,1978-04-25T05:39:57.4713078,32502023-4b75-d650-7525-3868b79e7c31
93147fb9-4780-d6fa-dcbf-c9fc02a09593,Fromunimin,165.72,"vobis transit. eggredior. et vantis. homo, habitatio si non fecit, pladior in venit. si Quad Pro plurissimum",https://nof.net/vbbuq/jilcf/ttrrn/eknr.htm,1963-03-17T16:07:10.3541871,30f20823-885a-332f-86ef-b08b142f744c
2d236a5a-132f-360b-47aa-cbabe0ad7ba8,Qwivenomman,658.11,et vobis et e essit. transit. egreddior Tam quad non quad venit. et eudis pladior et delerium. linguens,http://paxr.localf1/jnker/amyjc/fciao/eqnau/ubi.aspx,1977-10-05T15:29:33.1278054,eac65501-21f5-f831-fb07-dcfead50d1d9
4f56e139-4d3e-afba-4c83-cc836dbc2ff5,Hapglibicantor,863.53,"gravis in nomen estum. quis rarendum Id Versus sed brevens, imaginator non plurissimum apparens volcans",http://zkoce.net/fppeg/inunm/fxdx.aspx,1985-07-10T03:04:42.0887990,d69804d7-534e-3c43-dbae-9f37e5e516d6
cf5fb29c-a699-4454-7ba4-cf152af58751,Happickewor,327.28,"fecundio, si fecundio, brevens, Longam, si non habitatio Sed Sed si transit. gravis nomen sed eudis quoque gravum in",https://tqqih.netx2/mlzxk/krddm/vmwge/bvq.php,1981-10-10T05:27:26.6336982,8413d734-24e4-53aa-38ff-7ba6b8cf19ba
b68c34d0-929a-01e8-873b-cf4684bd023b,Uppickamin,735.26,"fecit. gravis novum egreddior estum. glavans si nomen habitatio apparens Multum transit. travissimantor homo, vobis",https://ejmo.localw8/epicg/rijds/rxnbx/con.php,1969-12-25T14:58:53.9144451,8413d734-24e4-53aa-38ff-7ba6b8cf19ba
146dcb19-937b-24f3-656a-d107df0b9a69,Intanican,582.00,"gravis gravis non fecit. linguens e quis eggredior. quantare in plurissimum esset si vobis vobis regit,",https://gwcpg.local3/cmipv/aufgw/vkdjt/ogs.php,1971-12-19T12:32:56.9003020,d69804d7-534e-3c43-dbae-9f37e5e516d6
3861a7ae-b682-53bf-e58d-d202403bf4d5,Windudollistor,483.35,Quad quantare pladior nomen quoque quo si trepicandor non glavans Versus plorum delerium. estum. egreddior,http://apzyg.local3/qofrt/pvtuc/nasya/gmvtn/igm.aspx,1986-05-05T19:49:47.9084964,eac65501-21f5-f831-fb07-dcfead50d1d9
3232bc96-0eec-4554-4297-d21376d19073,Supjubanax,438.56,et quad apparens gravis plorum quartu imaginator quad estum. non apparens parte Et Et vantis. eggredior. vobis estis et egreddior vobis vobis,https://pzy.local73/gjupj/qzmqj/xotvn/opnmm.htm,2001-01-29T05:34:20.2504852,d69804d7-534e-3c43-dbae-9f37e5e516d6
d2effb3e-6d6a-a281-1119-d4479d380037,Emwerinax,262.29,"volcans plurissimum funem. in Longam, imaginator glavans brevens, eggredior. cognitio, Pro Quad pladior",https://tom.webe/lvoii/gfznx/dcmcc/bscae.htm,2016-08-07T20:15:15.4987228,8413d734-24e4-53aa-38ff-7ba6b8cf19ba
7fc42824-d5b8-4a3b-b183-d46fe597bfdd,Cipfropegazz,442.94,"quo, gravum fecit, trepicandor plorum si eudis cognitio, nomen funem. Tam Et non plorum non homo, pladior",http://wsm.net8/wtdni/muwxv/lubvg/jcoti/opy.php,1954-03-24T09:42:53.0648769,30f20823-885a-332f-86ef-b08b142f744c
ce40a42f-8ff8-49c3-0efb-d61b8f590346,Doptuminan,62.90,"pladior e quorum delerium. e eudis et quo, funem. et vobis egreddior gravum Quad cognitio, gravum egreddior",https://uzu.web91/altww/nixds/athnh/toyot/zlhv.html,1989-05-14T06:16:25.1335124,2e017358-1fe7-316b-a1ed-38ed11e6ad18
ce1bd253-b48d-2dcf-f7aa-d750848e5056,Tupzapollar,136.85,"Et dolorum travissimantor Versus quo, linguens essit. Versus Tam e e Longam, pars cognitio, fecit. essit.",http://xydy.netq0/kpkzq/dkczh/cpnrh/emfbq.aspx,1977-03-08T22:17:51.5134637,eac65501-21f5-f831-fb07-dcfead50d1d9
a3d4a5b3-0795-5dc8-531c-d79faedfca09,Frocadewantor,509.47,"vantis. Tam nomen fecit, Id novum Tam in non travissimantor in quo, quo pladior parte Pro rarendum quo",https://jxyse.webz07/kxdjm/jrzi.htm,1966-08-09T01:32:37.8152801,d5dce10e-513c-449d-8e34-8fe771fa464a
cde468eb-3382-37d0-0c7a-d81caf078dc4,Monmunanor,720.12,"bono dolorum Tam cognitio, quantare habitatio Pro homo, bono Sed nomen essit. essit. nomen eggredior.",https://sxi.neta61/yuihe/txkmi/cntzz.php,2003-11-20T14:59:04.1714402,49849363-2487-4351-0761-57f581b71e46
29deaa0b-2da9-457b-7922-d956cf1e3003,Emwerpopax,602.16,"vobis rarendum estum. glavans Tam quad quad linguens pladior fecit, transit. travissimantor plorum ut si nomen",http://lttz.local16/zwtbl/zxucg/bwviv/beoha.php,1983-10-21T01:50:29.3506072,d5dce10e-513c-449d-8e34-8fe771fa464a
fbe2cff1-a19e-4975-1cdf-d9b40cb23270,Unhupopover,932.61,Id novum linguens Sed plorum linguens fecit. Sed esset eudis parte quad quis estis et nomen gravis et quorum,http://xhk.netd6/hgpnq/pzboh/omo.php,1995-07-09T05:00:36.4502768,32502023-4b75-d650-7525-3868b79e7c31
e3cde5db-442b-378a-f773-da321d32482b,Rejubaquar,962.64,"apparens plorum brevens, pladior venit. habitatio fecundio, imaginator brevens, pladior sed sed ut essit. egreddior gravis pladior transit.",http://dpqw.netf98/dktyt/jjkjc/qzhh.php,1982-01-13T08:37:09.6221728,d5dce10e-513c-449d-8e34-8fe771fa464a
094e3c64-a2aa-f265-559d-da57f6df2709,Barsipexan,219.84,"egreddior estum. eudis sed quis Versus venit. Quad linguens plorum pars quo, nomen Tam travissimantor",https://gpn.neth/mmsnz/tochq/hozsi/zyeoy/yozcv.php,1967-06-14T02:02:38.4592257,d5dce10e-513c-449d-8e34-8fe771fa464a
0dce77b6-1272-4458-fe43-db46d31df7ae,Parvenommover,196.86,"brevens, Tam in plorum bono imaginator parte egreddior venit. estis quoque e quad Tam et Et volcans eudis non sed gravis",http://kzmz.netl/ujzgh/jdvfc/tien.htm,2004-05-21T15:02:32.1207048,8413d734-24e4-53aa-38ff-7ba6b8cf19ba
46914ab1-8bb4-bfd6-0847-dbed0239ea03,Vardimamor,792.99,novum quo plurissimum Pro linguens linguens non apparens habitatio gravis quo rarendum eudis nomen linguens Multum esset,https://bkg.webq6/qccix/ylcbf/yljoh/mmvxg/vhvtr.htm,2010-06-03T20:58:34.6614516,d69804d7-534e-3c43-dbae-9f37e5e516d6
19cec534-b866-16fa-ca57-dc610a2e037e,Vartinedgentor,609.72,"regit, in fecit, novum eudis eggredior. manifestum Multum vobis non vobis essit. fecundio, Tam quis quad bono",https://gzqpe.netb/talol/gvv.php,2020-04-07T20:03:44.7211776,0ec2f7c3-43b6-7002-4b85-a95549d2382f
234eeb7c-1bb6-b6ca-cd37-dd611e403d9f,Winbanonicator,363.01,"eggredior. fecundio, quad Id estis quo quad in et vobis et quartu gravum quis brevens, quo, et Tam egreddior",https://nxzkv.netp5/ukxgf/mpfdt/dhjcw/psg.html,1999-10-28T05:42:54.9108202,32502023-4b75-d650-7525-3868b79e7c31
3eab8e8c-79fd-9158-05a8-de56255adbdb,Upfropicower,179.76,"pladior e regit, Pro manifestum vantis. pladior Sed in esset quo Id bono novum habitatio quad estum. et nomen",http://tfx.net9/qohof/xvzex/cihgk/vfvzj/qqnz.php,1976-01-15T12:00:00.1690797,8413d734-24e4-53aa-38ff-7ba6b8cf19ba
0edfa471-7202-ceed-c741-df235f41b369,Embanupicator,743.45,"quo nomen plorum e e Multum non quad pars et si e glavans regit, fecundio, vobis nomen plurissimum nomen",https://ufsii.web/bjhpj/fpl.html,2015-05-24T10:55:19.9987744,0ec2f7c3-43b6-7002-4b85-a95549d2382f
6cd15cbc-68c3-8441-df38-dfcf49c13ee8,Klisipegex,843.13,Versus quad funem. quantare non non venit. et et si quo pars et quis non dolorum travissimantor Quad,http://uafj.locale79/dwuys/xupqr/xgall/blf.aspx,2010-11-11T16:24:28.9692340,30f20823-885a-332f-86ef-b08b142f744c
429f2e16-83fa-101f-d088-e1669de150b3,Frowerpedgower,862.53,"et quo, pars pars Multum in et non funem. bono glavans Versus Tam non Versus nomen quorum plurissimum",http://faux.web2/fodsc/gndqv/oqkue/yknij/qrp.php,1973-05-03T03:58:09.0016414,49849363-2487-4351-0761-57f581b71e46
a88d1304-e064-041d-0415-e22f2421be69,Qwisapegin,805.55,rarendum essit. esset Quad Versus quis quis plorum gravis venit. quad gravis imaginator pars funem. habitatio,http://awej.webw4/amivj/nfwom/zeofl/qjomb/xveoi.html,1995-10-06T04:06:04.6537388,eac65501-21f5-f831-fb07-dcfead50d1d9
222772e3-04d4-f693-7a17-e24889d12628,Tiphupimax,67.02,"vobis linguens et non Longam, Id quo vobis essit. Id esset quad habitatio novum quorum quo, habitatio",https://bvaa.webz9/inojk/oforc/qgbqc/swbb.aspx,2017-01-30T22:36:45.6801952,8413d734-24e4-53aa-38ff-7ba6b8cf19ba
e19e0635-c5e0-6061-bddb-e24e9425328b,Dopfroponin,597.91,"Longam, cognitio, quad homo, Longam, cognitio, plurissimum Pro nomen ut quorum Pro non rarendum e gravum",http://ntff.local6/banbk/qpkdq/cwxst/alda.html,1973-10-05T21:41:30.9909909,55036e2e-a022-67b9-307a-8a53ab77d5cf
13caac1f-874b-f644-a3ff-e709ad93e9ae,Upsipegower,120.63,"imaginator funem. Id et quad regit, novum bono estis sed et venit. et linguens gravum plorum quis quis",http://cjy.localv4/yjhmo/owwfw/bpril/gunk.php,1985-01-20T18:01:07.4761076,0ec2f7c3-43b6-7002-4b85-a95549d2382f
241a6f56-d869-9c46-8a39-e758c004b843,Suptinackentor,754.28,"quantare si non in quo cognitio, quo, et et ut vobis sed plorum quartu nomen egreddior fecit, vobis funem. quoque in",http://lvjw.locald/qwbgk/hjh.php,1984-10-15T10:57:07.0060798,49849363-2487-4351-0761-57f581b71e46
9bcc5dd6-8a44-9140-09cb-e7c64bcf8040,Barvenamex,511.92,"Tam et rarendum Quad vantis. fecundio, gravis et quo si Et quad novum Et Sed nomen Multum quartu quad essit.",http://xkv.localv87/bonmn/lkx.aspx,1981-05-31T01:43:57.1027648,2e017358-1fe7-316b-a1ed-38ed11e6ad18
f5dd3446-4546-94ad-5d13-e81f50c87758,Upbanollistor,289.00,"manifestum delerium. si in non si quo Id quad et venit. manifestum linguens Tam gravis Quad quad in Versus Id fecit,",https://fnpps.localq3/kcugt/sgdgz/aorqn/ejihc.php,2014-04-09T07:40:27.1676432,55036e2e-a022-67b9-307a-8a53ab77d5cf
10d6efa6-034a-bbf1-62bb-e8d5d6744230,Zeedimedover,527.93,"gravis fecit. nomen et fecit, quad imaginator rarendum novum gravis Longam, quartu quorum essit. Multum Sed Versus",http://hcov.net6/qcrry/nicrw/hhdle/ygj.aspx,2002-03-27T02:47:10.2697198,32502023-4b75-d650-7525-3868b79e7c31
34d4b8f7-650c-5579-9f55-ea7e33ccdc67,Bartanicator,203.85,"quad quo et volcans homo, fecit, gravis si gravis vantis. in et et estum. parte si nomen vantis. volcans nomen",https://avn.webj/kobyr/yjtoj/ilxsj/snpjy/ouwv.aspx,1969-01-18T22:36:50.2279476,2e017358-1fe7-316b-a1ed-38ed11e6ad18
3fa2559e-83ee-67c7-719e-ead3e0e5b8fd,Frojubepower,514.71,"Multum quad gravum gravis gravis Id si in travissimantor si nomen esset cognitio, plorum manifestum vobis linguens",https://vbkaj.net2/hliim/mfxrb/zmp.aspx,1995-11-07T00:11:27.2996722,0ec2f7c3-43b6-7002-4b85-a95549d2382f
97f71a83-817c-a7b5-465c-eae75b25deed,Infropepar,916.32,"eggredior. in non manifestum linguens e et Pro estis e vobis vobis fecundio, quis glavans egreddior si",http://mpq.localm0/uwvdv/axpae/ezekn/wpz.php,1964-10-04T08:49:49.4800111,49849363-2487-4351-0761-57f581b71e46
931bf65c-7ab7-3009-d1f2-ec7cc65fcb03,Emvenimax,669.07,"glavans volcans e quad rarendum estis Pro venit. dolorum habitatio et gravum in delerium. et quad parte quo, homo,",https://mlx.web21/nwvfc/jrpsb/xvim.aspx,2012-10-29T19:16:06.8101040,32502023-4b75-d650-7525-3868b79e7c31
ae6f27ec-4011-ab2a-42ff-ec85c0d910f8,Vartanplin,203.09,"quis quartu nomen nomen pladior trepicandor Longam, transit. et quo, eggredior. quis quad linguens egreddior glavans et",https://ejdg.web99/wnwsh/zdaui/nobt.php,2000-09-29T09:55:56.9458802,55036e2e-a022-67b9-307a-8a53ab77d5cf
99b6ea77-ec0a-7a93-c72f-ecdd69127d11,Tipsipepar,538.60,"quis cognitio, sed habitatio esset dolorum si plurissimum quo pladior Longam, regit, volcans non parte Sed nomen transit.",https://qwhav.webs87/wokbu/kswcp/wufyc/uikox/bsc.htm,1991-09-01T14:07:28.2649964,d69804d7-534e-3c43-dbae-9f37e5e516d6
37d4f1ed-7997-4f51-224b-ee6bce6a1c1d,Winnipewower,79.54,"rarendum egreddior quo apparens Id quoque quad Et fecit. in Pro quo, ut pladior plurissimum in brevens,",http://funpu.net17/rdnrg/ibcka/srtth/wjodh/mww.aspx,1958-08-28T13:38:02.0401763,2e017358-1fe7-316b-a1ed-38ed11e6ad18
187dabff-46d4-3d38-aa31-eeb3929e664e,Tupvenollentor,322.41,"habitatio in imaginator quis et bono fecit, quartu Multum non dolorum glavans venit. quartu estum. Multum pladior Quad glavans",https://mzbjq.net/opemx/ozd.html,2005-05-19T17:03:17.4182832,2e017358-1fe7-316b-a1ed-38ed11e6ad18
db90c675-0c5a-dde1-9018-f282d343d1ab,Klikiledgax,451.65,"Id si et non eudis transit. gravis Quad vobis habitatio vobis novum in fecit. novum Pro imaginator homo, non apparens",https://ebsty.local/pcult/bczqe/nuqct/fnm.aspx,2003-03-12T01:47:34.9683302,8413d734-24e4-53aa-38ff-7ba6b8cf19ba
ac1bd0e5-d725-2ea5-b9ce-f3f4b091047d,Lomeregin,47.97,"delerium. et homo, Et vantis. e estum. gravum novum dolorum nomen novum Et quoque delerium. e Longam,",http://rdpvo.webw/fwskf/mnbeu/kqso.html,1960-04-22T13:12:28.2051236,d5dce10e-513c-449d-8e34-8fe771fa464a
ecd4728c-a33a-fa19-25a4-f575741be43e,Lomdimamantor,590.14,"e in rarendum gravum Quad quo eudis fecundio, glavans quorum quo non quoque homo, parte et quorum vantis.",https://tkqu.weby94/jrlyj/cgevl/yzmlf/aqz.html,1953-11-05T20:17:37.8198177,2e017358-1fe7-316b-a1ed-38ed11e6ad18
090a2eeb-fe88-3f95-3315-f6550a5bcbea,Thrusapanin,804.76,"quo trepicandor funem. quartu pars et glavans linguens in fecit, eggredior. si ut pladior vobis imaginator",http://fwgkw.webv/frcvp/znpgu/usncp.html,1988-11-13T09:42:23.4231146,2e017358-1fe7-316b-a1ed-38ed11e6ad18
030a0178-e97e-15d1-4731-f70231037ea5,Varpickexazz,283.82,"nomen plorum gravum in apparens novum quad delerium. si gravum si egreddior quad homo, Pro et Tam quo, eggredior.",https://xubde.local9/mudql/ktytj/ymx.aspx,2006-07-11T08:23:33.0025424,8413d734-24e4-53aa-38ff-7ba6b8cf19ba
f0676515-c5a3-f54d-7e32-f8225dff44d1,Rezapamax,464.29,"Tam venit. fecit. plorum non Longam, imaginator glavans et Longam, brevens, et trepicandor vobis quo",https://ouxcm.local/uhijb/xuqsi/bqpdm.aspx,1991-03-23T00:45:48.3395902,49849363-2487-4351-0761-57f581b71e46
15193a22-015a-bc58-e953-f8f7a7deec69,Tipwerpedor,954.23,vobis bono quad plorum quantare gravum vobis quorum egreddior Versus plorum venit. quo transit. vantis.,http://aly.locala88/ynsfg/ibswq/doplh/svogn/oqubx.htm,1977-11-18T02:18:56.2566182,eac65501-21f5-f831-fb07-dcfead50d1d9
bab1efbc-e7a3-650d-afd1-fb3fdd09fbd2,Lomdimamex,600.82,nomen plurissimum glavans plorum volcans quoque delerium. vobis eudis nomen delerium. fecit. vantis. pladior,https://ohka.localw43/mckie/aupfj/hfmuz/ngfc.php,1976-05-25T07:13:57.3403775,eac65501-21f5-f831-fb07-dcfead50d1d9
00e24669-8d44-d14d-6319-fb7822e7caa1,Doptumamor,881.11,"egreddior imaginator gravis linguens volcans in fecundio, plorum transit. imaginator regit, linguens fecundio,",http://knlbe.neti/yxsqc/hpypa/kjagv/nib.htm,2018-03-03T05:36:57.1743576,2e017358-1fe7-316b-a1ed-38ed11e6ad18
12e72a93-f54b-7e95-0786-fddecccfe8ad,Hapdudonover,273.41,"estum. Tam plurissimum eudis rarendum quantare pars volcans regit, funem. plurissimum parte eggredior.",https://oafz.web2/pylon/urcox/eqa.php,2000-08-05T19:57:08.2923482,d5dce10e-513c-449d-8e34-8fe771fa464a